Data,Giorno_della_settimana,Alba,Tramonto,Lunghezza_giorno
2019/10/20,domenica,07:28,18:20,10:52
2019/10/21,lunedì,07:29,18:19,10:49
2019/10/22,martedì,07:30,18:17,10:46
2019/10/23,mercoledì,07:32,18:16,10:44
2019/10/24,giovedì,07:33,18:14,10:41
2019/10/25,venerdì,07:34,18:13,10:38
2019/10/26,sabato,07:35,18:11,10:36
2019/10/27,domenica,06:36,17:10,10:33
2019/10/28,lunedì,06:37,17:09,10:31
2019/10/29,martedì,06:39,17:07,10:28
2019/10/30,mercoledì,06:40,17:06,10:26
2019/10/31,giovedì,06:41,17:05,10:23
2019/11/01,venerdì,06:42,17:03,10:21
2019/11/02,sabato,06:44,17:02,10:18
2019/11/03,domenica,06:45,17:01,10:16
2019/11/04,lunedì,06:46,17:00,10:13
2019/11/05,martedì,06:47,16:59,10:11
2019/11/06,mercoledì,06:48,16:57,10:09
2019/11/07,giovedì,06:50,16:56,10:06
2019/11/08,venerdì,06:51,16:55,10:04
2019/11/09,sabato,06:52,16:54,10:02
2019/11/10,domenica,06:53,16:53,09:59
2019/11/11,lunedì,06:55,16:52,09:57
2019/11/12,martedì,06:56,16:51,09:55
2019/11/13,mercoledì,06:57,16:50,09:53
2019/11/14,giovedì,06:58,16:49,09:50
2019/11/15,venerdì,06:59,16:48,09:48
2019/11/16,sabato,07:01,16:47,09:46
2019/11/17,domenica,07:02,16:47,09:44
2019/11/18,lunedì,07:03,16:46,09:42
2019/11/19,martedì,07:04,16:45,09:40
2019/11/20,mercoledì,07:05,16:44,09:38
2019/11/21,giovedì,07:07,16:44,09:36
2019/11/22,venerdì,07:08,16:43,09:35
2019/11/23,sabato,07:09,16:42,09:33
2019/11/24,domenica,07:10,16:42,09:31
2019/11/25,lunedì,07:11,16:41,09:29
2019/11/26,martedì,07:12,16:41,09:28
2019/11/27,mercoledì,07:14,16:40,09:26
2019/11/28,giovedì,07:15,16:40,09:25
2019/11/29,venerdì,07:16,16:39,09:23
2019/11/30,sabato,07:17,16:39,09:22
2019/12/01,domenica,07:18,16:39,09:20
2019/12/02,lunedì,07:19,16:38,09:19
2019/12/03,martedì,07:20,16:38,09:18
2019/12/04,mercoledì,07:21,16:38,09:16
2019/12/05,giovedì,07:22,16:38,09:15
2019/12/06,venerdì,07:23,16:38,09:14
2019/12/07,sabato,07:24,16:38,09:13
2019/12/08,domenica,07:25,16:38,09:12
2019/12/09,lunedì,07:26,16:38,09:11
2019/12/10,martedì,07:27,16:38,09:10
2019/12/11,mercoledì,07:27,16:38,09:10
2019/12/12,giovedì,07:28,16:38,09:09
2019/12/13,venerdì,07:29,16:38,09:08
2019/12/14,sabato,07:30,16:38,09:08
2019/12/15,domenica,07:31,16:38,09:07
2019/12/16,lunedì,07:31,16:39,09:07
2019/12/17,martedì,07:32,16:39,09:06
2019/12/18,mercoledì,07:33,16:39,09:06
2019/12/19,giovedì,07:33,16:40,09:06
2019/12/20,venerdì,07:34,16:40,09:06
2019/12/21,sabato,07:34,16:41,09:06
2019/12/22,domenica,07:35,16:41,09:06
2019/12/23,lunedì,07:35,16:42,09:06
2019/12/24,martedì,07:36,16:42,09:06
2019/12/25,mercoledì,07:36,16:43,09:06
2019/12/26,giovedì,07:37,16:43,09:06
2019/12/27,venerdì,07:37,16:44,09:07
2019/12/28,sabato,07:37,16:45,09:07
2019/12/29,domenica,07:37,16:46,09:08
2019/12/30,lunedì,07:38,16:46,09:08
2019/12/31,martedì,07:38,16:47,09:09
2020/01/01,mercoledì,07:38,16:48,09:09
2020/01/02,giovedì,07:38,16:49,09:10
2020/01/03,venerdì,07:38,16:50,09:11
2020/01/04,sabato,07:38,16:51,09:12
2020/01/05,domenica,07:38,16:51,09:13
2020/01/06,lunedì,07:38,16:52,09:14
2020/01/07,martedì,07:38,16:53,09:15
2020/01/08,mercoledì,07:38,16:54,09:16
2020/01/09,giovedì,07:38,16:55,09:17
2020/01/10,venerdì,07:38,16:56,09:18
2020/01/11,sabato,07:37,16:58,09:20
2020/01/12,domenica,07:37,16:59,09:21
2020/01/13,lunedì,07:37,17:00,09:23
2020/01/14,martedì,07:36,17:01,09:24
2020/01/15,mercoledì,07:36,17:02,09:26
2020/01/16,giovedì,07:35,17:03,09:27
2020/01/17,venerdì,07:35,17:04,09:29
2020/01/18,sabato,07:34,17:06,09:31
2020/01/19,domenica,07:34,17:07,09:32
2020/01/20,lunedì,07:33,17:08,09:34
2020/01/21,martedì,07:33,17:09,09:36
2020/01/22,mercoledì,07:32,17:10,09:38
2020/01/23,giovedì,07:31,17:12,09:40
2020/01/24,venerdì,07:31,17:13,09:42
2020/01/25,sabato,07:30,17:14,09:44
2020/01/26,domenica,07:29,17:15,09:46
2020/01/27,lunedì,07:28,17:17,09:48
2020/01/28,martedì,07:27,17:18,09:50
2020/01/29,mercoledì,07:26,17:19,09:52
2020/01/30,giovedì,07:26,17:20,09:54
2020/01/31,venerdì,07:25,17:22,09:57
2020/02/01,sabato,07:24,17:23,09:59,
2020/02/02,domenica,07:23,17:24,10:01,
2020/02/03,lunedì,07:22,17:26,10:03,
2020/02/04,martedì,07:20,17:27,10:06,
2020/02/05,mercoledì,07:19,17:28,10:08,
2020/02/06,giovedì,07:18,17:29,10:11,
2020/02/07,venerdì,07:17,17:31,10:13,
2020/02/08,sabato,07:16,17:32,10:16,
2020/02/09,domenica,07:15,17:33,10:18,
2020/02/10,lunedì,07:14,17:35,10:20,
2020/02/11,martedì,07:12,17:36,10:23,
2020/02/12,mercoledì,07:11,17:37,10:26,
2020/02/13,giovedì,07:10,17:38,10:28,
2020/02/14,venerdì,07:08,17:40,10:31,
2020/02/15,sabato,07:07,17:41,10:33,
2020/02/16,domenica,07:06,17:42,10:36,
2020/02/17,lunedì,07:04,17:43,10:39,
2020/02/18,martedì,07:03,17:45,10:41,
2020/02/19,mercoledì,07:02,17:46,10:44,
2020/02/20,giovedì,07:00,17:47,10:46,
2020/02/21,venerdì,06:59,17:48,10:49,
2020/02/22,sabato,06:57,17:50,10:52,
2020/02/23,domenica,06:56,17:51,10:55,
2020/02/24,lunedì,06:54,17:52,10:57,
2020/02/25,martedì,06:53,17:53,11:00,
2020/02/26,mercoledì,06:51,17:54,11:03,
2020/02/27,giovedì,06:50,17:56,11:06,
2020/02/28,venerdì,06:48,17:57,11:08,
2020/02/29,sabato,06:47,17:58,11:11,
2020/03/01,domenica,06:45,17:59,11:14
2020/03/02,lunedì,06:43,18:00,11:17
2020/03/03,martedì,06:42,18:02,11:19
2020/03/04,mercoledì,06:40,18:03,11:22
2020/03/05,giovedì,06:39,18:04,11:25
2020/03/06,venerdì,06:37,18:05,11:28
2020/03/07,sabato,06:35,18:06,11:31
2020/03/08,domenica,06:34,18:07,11:33
2020/03/09,lunedì,06:32,18:09,11:36
2020/03/10,martedì,06:30,18:10,11:39
2020/03/11,mercoledì,06:29,18:11,11:42
2020/03/12,giovedì,06:27,18:12,11:45
2020/03/13,venerdì,06:25,18:13,11:47
2020/03/14,sabato,06:24,18:14,11:50
2020/03/15,domenica,06:22,18:15,11:53
2020/03/16,lunedì,06:20,18:17,11:56
2020/03/17,martedì,06:19,18:18,11:59
2020/03/18,mercoledì,06:17,18:19,12:02
2020/03/19,giovedì,06:15,18:20,12:04
2020/03/20,venerdì,06:13,18:21,12:07
2020/03/21,sabato,06:12,18:22,12:10
2020/03/22,domenica,06:10,18:23,12:13
2020/03/23,lunedì,06:08,18:24,12:16
2020/03/24,martedì,06:07,18:26,12:19
2020/03/25,mercoledì,06:05,18:27,12:21
2020/03/26,giovedì,06:03,18:28,12:24
2020/03/27,venerdì,06:01,18:29,12:27
2020/03/28,sabato,06:00,18:30,12:30
2020/03/29,domenica,06:58,19:31,12:33
2020/03/30,lunedì,06:56,19:32,12:35
2020/03/31,martedì,06:55,19:33,12:38
2020/04/01,mercoledì ,06:53,19:34,12:41
2020/04/02,giovedì,06:51,19:36,12:44
2020/04/03,venerdì,06:50,19:37,12:47
2020/04/04,sabato,06:48,19:38,12:49
2020/04/05,domenica,06:46,19:39,12:52
2020/04/06,lunedì,06:45,19:40,12:55
2020/04/07,martedì,06:43,19:41,12:58
2020/04/08,mercoledì,06:41,19:42,13:00
2020/04/09,giovedì,06:40,19:43,13:03
2020/04/10,venerdì,06:38,19:44,13:06
2020/04/11,sabato,06:36,19:45,13:09
2020/04/12,domenica,06:35,19:47,13:11
2020/04/13,lunedì,06:33,19:48,13:14
2020/04/14,martedì,06:32,19:49,13:17
2020/04/15,mercoledì,06:30,19:50,13:19
2020/04/16,giovedì,06:28,19:51,13:22
2020/04/17,venerdì,06:27,19:52,13:25
2020/04/18,sabato,06:25,19:53,13:27
2020/04/19,domenica,06:24,19:54,13:30
2020/04/20,lunedì,06:22,19:55,13:33
2020/04/21,martedì,06:21,19:56,13:35
2020/04/22,mercoledì,06:19,19:58,13:38
2020/04/23,giovedì,06:18,19:59,13:40
2020/04/24,venerdì,06:16,20:00,13:43
2020/04/25,sabato,06:15,20:01,13:46
2020/04/26,domenica,06:13,20:02,13:48
2020/04/27,lunedì,06:12,20:03,13:51
2020/04/28,martedì,06:11,20:04,13:53
2020/04/29,mercoledì,06:09,20:05,13:55
2020/04/30,giovedì,06:08,20:06,13:58