Data,Giorno_della_settimana,Alba:00,Tramonto:00,Lunghezza_giorno:00
2019-10-20,domenica,07:28:00,18:20:00,10:52:00
2019-10-21,lunedì,07:29:00,18:19:00,10:49:00
2019-10-22,martedì,07:30:00,18:17:00,10:46:00
2019-10-23,mercoledì,07:32:00,18:16:00,10:44:00
2019-10-24,giovedì,07:33:00,18:14:00,10:41:00
2019-10-25,venerdì,07:34:00,18:13:00,10:38:00
2019-10-26,sabato,07:35:00,18:11:00,10:36:00
2019-10-27,domenica,06:36:00,17:10:00,10:33:00
2019-10-28,lunedì,06:37:00,17:09:00,10:31:00
2019-10-29,martedì,06:39:00,17:07:00,10:28:00
2019-10-30,mercoledì,06:40:00,17:06:00,10:26:00
2019-10-31,giovedì,06:41:00,17:05:00,10:23:00
2019-11-01,venerdì,06:42:00,17:03:00,10:21:00
2019-11-02,sabato,06:44:00,17:02:00,10:18:00
2019-11-03,domenica,06:45:00,17:01:00,10:16:00
2019-11-04,lunedì,06:46:00,17:00:00,10:13:00
2019-11-05,martedì,06:47:00,16:59:00,10:11:00
2019-11-06,mercoledì,06:48:00,16:57:00,10:09:00
2019-11-07,giovedì,06:50:00,16:56:00,10:06:00
2019-11-08,venerdì,06:51:00,16:55:00,10:04:00
2019-11-09,sabato,06:52:00,16:54:00,10:02:00
2019-11-10,domenica,06:53:00,16:53:00,09:59:00
2019-11-11,lunedì,06:55:00,16:52:00,09:57:00
2019-11-12,martedì,06:56:00,16:51:00,09:55:00
2019-11-13,mercoledì,06:57:00,16:50:00,09:53:00
2019-11-14,giovedì,06:58:00,16:49:00,09:50:00
2019-11-15,venerdì,06:59:00,16:48:00,09:48:00
2019-11-16,sabato,07:01:00,16:47:00,09:46:00
2019-11-17,domenica,07:02:00,16:47:00,09:44:00
2019-11-18,lunedì,07:03:00,16:46:00,09:42:00
2019-11-19,martedì,07:04:00,16:45:00,09:40:00
2019-11-20,mercoledì,07:05:00,16:44:00,09:38:00
2019-11-21,giovedì,07:07:00,16:44:00,09:36:00
2019-11-22,venerdì,07:08:00,16:43:00,09:35:00
2019-11-23,sabato,07:09:00,16:42:00,09:33:00
2019-11-24,domenica,07:10:00,16:42:00,09:31:00
2019-11-25,lunedì,07:11:00,16:41:00,09:29:00
2019-11-26,martedì,07:12:00,16:41:00,09:28:00
2019-11-27,mercoledì,07:14:00,16:40:00,09:26:00
2019-11-28,giovedì,07:15:00,16:40:00,09:25:00
2019-11-29,venerdì,07:16:00,16:39:00,09:23:00
2019-11-30,sabato,07:17:00,16:39:00,09:22:00
2019-12-01,domenica,07:18:00,16:39:00,09:20:00
2019-12-02,lunedì,07:19:00,16:38:00,09:19:00
2019-12-03,martedì,07:20:00,16:38:00,09:18:00
2019-12-04,mercoledì,07:21:00,16:38:00,09:16:00
2019-12-05,giovedì,07:22:00,16:38:00,09:15:00
2019-12-06,venerdì,07:23:00,16:38:00,09:14:00
2019-12-07,sabato,07:24:00,16:38:00,09:13:00
2019-12-08,domenica,07:25:00,16:38:00,09:12:00
2019-12-09,lunedì,07:26:00,16:38:00,09:11:00
2019-12-10,martedì,07:27:00,16:38:00,09:10:00
2019-12-11,mercoledì,07:27:00,16:38:00,09:10:00
2019-12-12,giovedì,07:28:00,16:38:00,09:09:00
2019-12-13,venerdì,07:29:00,16:38:00,09:08:00
2019-12-14,sabato,07:30:00,16:38:00,09:08:00
2019-12-15,domenica,07:31:00,16:38:00,09:07:00
2019-12-16,lunedì,07:31:00,16:39:00,09:07:00
2019-12-17,martedì,07:32:00,16:39:00,09:06:00
2019-12-18,mercoledì,07:33:00,16:39:00,09:06:00
2019-12-19,giovedì,07:33:00,16:40:00,09:06:00
2019-12-20,venerdì,07:34:00,16:40:00,09:06:00
2019-12-21,sabato,07:34:00,16:41:00,09:06:00
2019-12-22,domenica,07:35:00,16:41:00,09:06:00
2019-12-23,lunedì,07:35:00,16:42:00,09:06:00
2019-12-24,martedì,07:36:00,16:42:00,09:06:00
2019-12-25,mercoledì,07:36:00,16:43:00,09:06:00
2019-12-26,giovedì,07:37:00,16:43:00,09:06:00
2019-12-27,venerdì,07:37:00,16:44:00,09:07:00
2019-12-28,sabato,07:37:00,16:45:00,09:07:00
2019-12-29,domenica,07:37:00,16:46:00,09:08:00
2019-12-30,lunedì,07:38:00,16:46:00,09:08:00
2019-12-31,martedì,07:38:00,16:47:00,09:09:00
2020-01-01,mercoledì,07:38:00,16:48:00,09:09:00
2020-01-02,giovedì,07:38:00,16:49:00,09:10:00
2020-01-03,venerdì,07:38:00,16:50:00,09:11:00
2020-01-04,sabato,07:38:00,16:51:00,09:12:00
2020-01-05,domenica,07:38:00,16:51:00,09:13:00
2020-01-06,lunedì,07:38:00,16:52:00,09:14:00
2020-01-07,martedì,07:38:00,16:53:00,09:15:00
2020-01-08,mercoledì,07:38:00,16:54:00,09:16:00
2020-01-09,giovedì,07:38:00,16:55:00,09:17:00
2020-01-10,venerdì,07:38:00,16:56:00,09:18:00
2020-01-11,sabato,07:37:00,16:58:00,09:20:00
2020-01-12,domenica,07:37:00,16:59:00,09:21:00
2020-01-13,lunedì,07:37:00,17:00:00,09:23:00
2020-01-14,martedì,07:36:00,17:01:00,09:24:00
2020-01-15,mercoledì,07:36:00,17:02:00,09:26:00
2020-01-16,giovedì,07:35:00,17:03:00,09:27:00
2020-01-17,venerdì,07:35:00,17:04:00,09:29:00
2020-01-18,sabato,07:34:00,17:06:00,09:31:00
2020-01-19,domenica,07:34:00,17:07:00,09:32:00
2020-01-20,lunedì,07:33:00,17:08:00,09:34:00
2020-01-21,martedì,07:33:00,17:09:00,09:36:00
2020-01-22,mercoledì,07:32:00,17:10:00,09:38:00
2020-01-23,giovedì,07:31:00,17:12:00,09:40:00
2020-01-24,venerdì,07:31:00,17:13:00,09:42:00
2020-01-25,sabato,07:30:00,17:14:00,09:44:00
2020-01-26,domenica,07:29:00,17:15:00,09:46:00
2020-01-27,lunedì,07:28:00,17:17:00,09:48:00
2020-01-28,martedì,07:27:00,17:18:00,09:50:00
2020-01-29,mercoledì,07:26:00,17:19:00,09:52:00
2020-01-30,giovedì,07:26:00,17:20:00,09:54:00
2020-01-31,venerdì,07:25:00,17:22:00,09:57:00
2020-02-01,sabato,07:24:00,17:23:00,09:59:00
2020-02-02,domenica,07:23:00,17:24:00,10:01:00
2020-02-03,lunedì,07:22:00,17:26:00,10:03:00
2020-02-04,martedì,07:20:00,17:27:00,10:06:00
2020-02-05,mercoledì,07:19:00,17:28:00,10:08:00
2020-02-06,giovedì,07:18:00,17:29:00,10:11:00
2020-02-07,venerdì,07:17:00,17:31:00,10:13:00
2020-02-08,sabato,07:16:00,17:32:00,10:16:00
2020-02-09,domenica,07:15:00,17:33:00,10:18:00
2020-02-10,lunedì,07:14:00,17:35:00,10:20:00
2020-02-11,martedì,07:12:00,17:36:00,10:23:00
2020-02-12,mercoledì,07:11:00,17:37:00,10:26:00
2020-02-13,giovedì,07:10:00,17:38:00,10:28:00
2020-02-14,venerdì,07:08:00,17:40:00,10:31:00
2020-02-15,sabato,07:07:00,17:41:00,10:33:00
2020-02-16,domenica,07:06:00,17:42:00,10:36:00
2020-02-17,lunedì,07:04:00,17:43:00,10:39:00
2020-02-18,martedì,07:03:00,17:45:00,10:41:00
2020-02-19,mercoledì,07:02:00,17:46:00,10:44:00
2020-02-20,giovedì,07:00:00,17:47:00,10:46:00
2020-02-21,venerdì,06:59:00,17:48:00,10:49:00
2020-02-22,sabato,06:57:00,17:50:00,10:52:00
2020-02-23,domenica,06:56:00,17:51:00,10:55:00
2020-02-24,lunedì,06:54:00,17:52:00,10:57:00
2020-02-25,martedì,06:53:00,17:53:00,11:00:00
2020-02-26,mercoledì,06:51:00,17:54:00,11:03:00
2020-02-27,giovedì,06:50:00,17:56:00,11:06:00
2020-02-28,venerdì,06:48:00,17:57:00,11:08:00
2020-02-29,sabato,06:47:00,17:58:00,11:11:00
2020-03-01,domenica,06:45:00,17:59:00,11:14:00
2020-03-02,lunedì,06:43:00,18:00:00,11:17:00
2020-03-03,martedì,06:42:00,18:02:00,11:19:00
2020-03-04,mercoledì,06:40:00,18:03:00,11:22:00
2020-03-05,giovedì,06:39:00,18:04:00,11:25:00
2020-03-06,venerdì,06:37:00,18:05:00,11:28:00
2020-03-07,sabato,06:35:00,18:06:00,11:31:00
2020-03-08,domenica,06:34:00,18:07:00,11:33:00
2020-03-09,lunedì,06:32:00,18:09:00,11:36:00
2020-03-10,martedì,06:30:00,18:10:00,11:39:00
2020-03-11,mercoledì,06:29:00,18:11:00,11:42:00
2020-03-12,giovedì,06:27:00,18:12:00,11:45:00
2020-03-13,venerdì,06:25:00,18:13:00,11:47:00
2020-03-14,sabato,06:24:00,18:14:00,11:50:00
2020-03-15,domenica,06:22:00,18:15:00,11:53:00
2020-03-16,lunedì,06:20:00,18:17:00,11:56:00
2020-03-17,martedì,06:19:00,18:18:00,11:59:00
2020-03-18,mercoledì,06:17:00,18:19:00,12:02:00
2020-03-19,giovedì,06:15:00,18:20:00,12:04:00
2020-03-20,venerdì,06:13:00,18:21:00,12:07:00
2020-03-21,sabato,06:12:00,18:22:00,12:10:00
2020-03-22,domenica,06:10:00,18:23:00,12:13:00
2020-03-23,lunedì,06:08:00,18:24:00,12:16:00
2020-03-24,martedì,06:07:00,18:26:00,12:19:00
2020-03-25,mercoledì,06:05:00,18:27:00,12:21:00
2020-03-26,giovedì,06:03:00,18:28:00,12:24:00
2020-03-27,venerdì,06:01:00,18:29:00,12:27:00
2020-03-28,sabato,06:00:00,18:30:00,12:30:00
2020-03-29,domenica,06:58:00,19:31:00,12:33:00
2020-03-30,lunedì,06:56:00,19:32:00,12:35:00
2020-03-31,martedì,06:55:00,19:33:00,12:38:00
2020-04-01,mercoledì ,06:53:00,19:34:00,12:41:00
2020-04-02,giovedì,06:51:00,19:36:00,12:44:00
2020-04-03,venerdì,06:50:00,19:37:00,12:47:00
2020-04-04,sabato,06:48:00,19:38:00,12:49:00
2020-04-05,domenica,06:46:00,19:39:00,12:52:00
2020-04-06,lunedì,06:45:00,19:40:00,12:55:00
2020-04-07,martedì,06:43:00,19:41:00,12:58:00
2020-04-08,mercoledì,06:41:00,19:42:00,13:00:00
2020-04-09,giovedì,06:40:00,19:43:00,13:03:00
2020-04-10,venerdì,06:38:00,19:44:00,13:06:00
2020-04-11,sabato,06:36:00,19:45:00,13:09:00
2020-04-12,domenica,06:35:00,19:47:00,13:11:00
2020-04-13,lunedì,06:33:00,19:48:00,13:14:00
2020-04-14,martedì,06:32:00,19:49:00,13:17:00
2020-04-15,mercoledì,06:30:00,19:50:00,13:19:00
2020-04-16,giovedì,06:28:00,19:51:00,13:22:00
2020-04-17,venerdì,06:27:00,19:52:00,13:25:00
2020-04-18,sabato,06:25:00,19:53:00,13:27:00
2020-04-19,domenica,06:24:00,19:54:00,13:30:00
2020-04-20,lunedì,06:22:00,19:55:00,13:33:00
2020-04-21,martedì,06:21:00,19:56:00,13:35:00
2020-04-22,mercoledì,06:19:00,19:58:00,13:38:00
2020-04-23,giovedì,06:18:00,19:59:00,13:40:00
2020-04-24,venerdì,06:16:00,20:00:00,13:43:00
2020-04-25,sabato,06:15:00,20:01:00,13:46:00
2020-04-26,domenica,06:13:00,20:02:00,13:48:00
2020-04-27,lunedì,06:12:00,20:03:00,13:51:00
2020-04-28,martedì,06:11:00,20:04:00,13:53:00
2020-04-29,mercoledì,06:09:00,20:05:00,13:55:00
2020-04-30,giovedì,06:08:00,20:06:00,13:58:00
